iteration	log_density	x	y	z
0	-11.903317802889328	24.42449021661889	23.513688391137585	24.734297493455827
100	-3.4777176772529357	25.18152170678114	24.726517976963823	24.205749787286674
200	-1.5366538416434903	24.542822198808963	24.72832540788896	25.15623636717152
300	-0.48480149049143484	25.07074155509771	25.26112211518243	25.017156186926453
400	-0.35432638890359236	24.95350762754143	25.130237248090104	25.159266169974714
500	-1.0772186753686226	25.033055588019533	25.45121303790584	25.021115094964298
600	-5.0626862003411714	24.836491556328397	25.617331613734198	24.173587365635516
700	-1.1967397069468306	24.874061855818137	25.45235599190368	25.10585648010091
800	-0.2871856920666317	24.950399115330917	25.12686524010133	24.895053334370537
900	-2.0458636161913244	25.104199820853136	24.910817066683883	24.36630057776251
1000	-2.8135674981956456	24.258784049504744	24.80340996423701	24.945793992560077
1100	-1.7444920645590047	24.893476958863566	24.695123060979853	25.499116813829467
1200	-0.3914785062834354	25.02509790221422	25.02561119103704	25.226846165204183
1300	-1.864942578805649	24.454556368796037	24.80317859643932	24.790395464482113
1400	-0.5796020031201369	25.035328477989744	25.158330886471575	24.738784627134898
1500	-1.4010509666403033	24.522119666188864	24.78031488475875	25.02152423756118
1600	-0.18163129403975997	24.97167552976073	24.940555814833917	24.957852403705417
1700	-2.1436027234658774	25.478077989597356	24.69108110564456	24.656319173950376
1800	-1.106230156760767	25.281992615846818	24.66949869341967	24.84891137854765
1900	-1.3152765398779565	25.166310309630948	24.525698299252035	24.92643200452864
2000	-1.4389612763382826	24.49852650966986	25.001464502302746	24.815497525491057
2100	-1.6362859617863226	24.735216444045083	24.690682056756597	25.40445145314848
2200	-1.383763235961028	24.511329645190138	24.815246977487163	24.982101866626895
2300	-1.470843616099025	25.214314309590275	25.49243403941701	25.064668595859025
2400	-5.204113121459674	25.19660964697187	25.424807578569336	25.950317077246034
2500	-2.362164002997622	25.415861257308688	24.993848518576733	25.56364590373443
2600	-3.8825592788618897	25.906150014637785	24.950449608547192	24.92944748489098
2700	-0.7460236102352596	25.246601905443963	24.75251454286366	24.902679549500935
2800	-0.5645356817773329	24.710222355628222	24.95264074911649	24.92937288935837
2900	-0.29301237078891573	25.006990235773063	24.839033513501594	24.92996726583445
3000	-0.8600806319536265	24.623997550831177	24.929132045704247	24.897634393240683
3100	-0.6973495004578953	25.006179024792864	25.031491366296414	24.654042681809017
3200	-0.9100861057735609	24.809059729248933	24.875281363535915	25.340555764029638
3300	-1.1840485512546381	25.237577417538024	24.94065506688723	25.410982781536898
3400	-0.28567380055974756	25.074174664279393	24.914704770524096	25.128279798292404
3500	-0.9271863803827075	25.179453809642283	24.630526722969826	25.055471095892116
3600	-2.101782861774595	24.905746102575627	25.510013632289468	25.404740599301014
3700	-2.5518715873992766	24.412215283080176	24.996848874718946	24.567181829408973
3800	-1.3574559874191068	25.206276929247867	24.67827851117748	25.34835584541417
3900	-0.3533138231252572	24.83083192102544	24.994866019402483	24.87502086947335
4000	-0.6759975380406111	24.891528336073897	25.06609118058646	25.315970451063258
4100	-0.8873242644712992	25.042067308602835	24.73541389236327	25.301923003307568
4200	-0.9776369778952928	24.835656136991638	25.29179090691339	24.73382032395419
4300	-7.40339863752664	12.768181284204546	8.855752928030457	13.166357453476014
4400	-8.898167218474871	14.70996046310963	17.453691101697444	13.286850401945456
4500	-8.385385743752686	14.936023115076923	12.922912056091887	7.523332560844695
4600	-8.559301352920377	7.517015473257528	14.318862519491764	9.3225465326095
4700	-7.682483456444937	15.567222718734289	10.01323469786577	11.566416912252066
4800	-8.4756547589344	11.58766274391864	12.421344424435116	6.451140757520095
4900	-8.341439215094123	7.291885247209942	10.995565598173476	14.355053979736546
5000	-7.568233860287581	9.18864529600459	9.445721815388513	12.612995544770044
5100	-8.333798514187169	14.308293313405049	10.465365359799156	7.428276241444051
5200	-7.143030688394106	10.809303008903525	9.758000916434481	11.159857426046152
5300	-7.4145108004569025	10.5835944997209	8.892984008885819	12.61404223531843
5400	-7.803265610413879	9.226656554661375	10.675791861696649	15.09667988285664
5500	-7.432192761178963	8.873379883412735	13.516495597924264	11.471262051635938
5600	-7.512537474863061	13.428516074007405	12.725578263222793	8.648260313424252
5700	-7.927942338131945	13.183877959089315	9.726766955914712	8.164714748493013
5800	-7.415787120339839	9.567398266908471	9.547306288541925	12.355692143351446
5900	-8.173656907884231	12.779683009862882	7.069602950302106	12.885838612371547
6000	-8.458212774894633	6.730418088260698	13.747784035183342	12.013919724218827
6100	-9.281607831119157	5.32754717217138	11.230081436438594	12.72811125167858
6200	-8.392409818221136	9.722003770533728	13.80390330643879	16.603873275441867
6300	-8.550365615388033	10.821517057614036	7.45797082031857	8.765291924886714
6400	-8.324625073131328	17.067652222098868	10.463395703758357	11.386317771332125
6500	-7.680239927868763	12.650255214184822	15.049171981261406	14.664515613679965
6600	-7.156390532750577	10.202175626996567	9.989085408528496	11.661346802845557
6700	-11.874585571995237	20.705394784527037	7.934327448836678	12.067490865689951
6800	-10.683353655240824	5.1603422484489485	7.381106869163601	13.661589675788067
6900	-7.354142289301609	13.951123706075293	14.668943695150483	11.8584958943098
7000	-10.62454281073525	11.724650853825006	17.949924072076666	17.86003100215763
7100	-7.786152547599212	11.899146048243663	13.536879558452176	7.955969593486776
7200	-7.2973051007257155	13.260122952454841	12.492728998587173	9.154581496422471
7300	-6.880288913301049	13.53035876377667	12.279543088171216	11.974221633153908
7400	-9.431622198647482	13.104888207986686	10.81441662375866	5.238460230814466
7500	-7.337082204023001	10.48719979129426	14.288014436821964	13.766213890399145
7600	-8.170994412606829	14.991808684016899	13.172669240012858	8.08497337844525
7700	-8.352154036463808	14.318922575879448	16.74031061756294	10.967317879870105
7800	-7.938004697747939	9.856261043836389	13.606878254708962	8.220844473877312
7900	-7.078107608690574	14.393047202212612	11.57148614829302	12.266916264207877
8000	-8.525117139134085	12.247875828962858	17.64703807694119	12.277908985454964
8100	-7.916130408956365	7.629553177685102	12.197401785694847	10.612130828093875
8200	-7.8932424005004584	11.231554404598452	8.001406882650635	14.018592090193861
8300	-7.4939952871436315	10.408766023835117	14.45367525198378	14.21697400261639
8400	-8.66919951840272	8.724398676027846	9.14895535254822	8.029713097940132
8500	-10.405570106232057	9.156474807483209	19.423687628267068	13.636794048866442
8600	-8.488708923561015	7.48504854216905	12.865205843743444	8.800156382841283
8700	-8.5447898885541	8.895459995181744	10.843704454758111	7.37326936884139
8800	-9.806083688075416	12.470082512175207	13.121531578421163	4.678367524622707
8900	-7.9097014845542075	12.790330063066333	9.442831273710652	15.713017585127728
9000	-9.322325368173983	12.994763546518467	7.413916856160283	16.93515449405889
9100	-7.7111089353113655	9.58310679637855	14.71013743514064	9.953209944978951
9200	-8.482190607611654	17.093164395910122	13.225666824563163	10.047449212645354
9300	-7.327958990000908	11.653027001504958	13.519436754315198	14.83721516222484
9400	-9.83025087732983	19.018916840289435	11.404264848508536	9.571002639131432
9500	-7.499852688702186	9.856205013199085	14.929011978270294	11.369138167942877
9600	-9.558742383592609	12.700126597632602	14.312139215074419	18.693041481334188
9700	-8.742597968004818	10.909052047739525	16.359959103357667	8.032260218287401
9800	-7.148228772018467	11.518072756486921	14.566878683328122	11.349919834052203
9900	-6.996990815145962	11.920522369581148	14.050555862029052	11.442913826792187
10000	-7.621895799065326	11.133446981399137	12.531169451883029	15.838837796951912
10100	-10.692866553818773	11.903361920237984	14.723788414474704	4.023857944329106
10200	-9.0981276616076	6.6327128319292905	9.074500063235245	9.769398544522023
10300	-7.640697406223928	11.937318267265576	12.39826826129284	8.006804152905893
10400	-12.384179319643623	19.635682744849976	14.166363986150824	18.204357357687016
10500	-6.869068798960485	12.376337315271181	10.646048365801109	12.493993873913519
10600	-8.002538617705765	9.451840250817021	8.00801778815513	12.438476225641002
10700	-7.196169727967196	11.056155101097978	11.712725428766117	9.329177729660906
10800	-7.135138229326951	13.42030610072485	9.920924118638371	12.817476945521996
10900	-9.305731192117427	7.547077220138506	10.052548573545968	7.261046583358603
11000	-8.501896002491707	14.429408941001608	8.106813256529165	15.248200054104714
11100	-9.387885143077789	11.102450864343528	18.167856306752903	14.951185028513411
11200	-7.914683102300854	12.430826739500725	9.107514727088256	8.466189100032945
11300	-8.104356970780081	12.344170494068958	15.910020301056758	15.007876287211387
11400	-9.477160238244178	6.277382260915422	9.009015026271008	9.266843261642718
11500	-8.943829091935012	11.074528809187544	8.103208296029727	7.149943555538186
11600	-8.630852242692068	14.301735223186366	10.960171350812953	6.751026949971926
11700	-6.918742077767016	13.341194724691933	12.561906435438212	11.000789493215432
11800	-9.597916604789637	7.647701238627402	6.37864744650742	11.107813799646507
11900	-7.796653622934883	8.613513937945944	9.346483462630841	11.362870720308166
12000	-8.525989084934793	17.3612422434183	11.914005641509	13.81468908502582
12100	-8.563021310089068	13.41643885556167	15.876583061154934	8.040733061687334
12200	-6.925737013686384	12.283610295122784	13.37714833594475	13.123343347534771
12300	-7.577219782283682	10.806747814594146	13.128610251487313	15.502563428713161
12400	-8.128891786018139	7.379221789142261	10.317366654373664	12.84428210176808
12500	-7.898991113351135	14.645825529463735	12.767851976038699	8.37130091911129
12600	-6.861291545425088	12.890807019967797	11.296797128494887	11.110717839420264
12700	-7.437665589512295	10.444711633646456	13.932818376397572	9.490243397985132
12800	-7.496056950155927	15.5841412027154	12.80693432223024	11.913858777568283
12900	-7.774844396681857	15.428223567487168	11.341206328488092	14.517157042928702
13000	-8.029397918614862	11.139466927183953	16.667710137203052	12.759429924021886
13100	-10.432293026344317	15.864292181088862	4.828961033332071	12.018080948373576
13200	-7.9256093977660855	13.58026732403391	11.766446860876295	7.677410076773828
13300	-7.86107668234299	12.455761814941322	16.387710397457845	12.784388479674625
13400	-7.095738658780323	11.516291994621124	9.623024330714754	12.644139317224838
13500	-8.543554226302339	11.696970494256451	7.025057581781799	14.741843083820607
13600	-9.076583498338628	16.575604061718465	8.892513526741169	15.370680143203284
13700	-8.838931757306847	11.794303794417146	7.128368739759093	15.728441488821618
13800	-7.927627411232535	11.749361296718586	16.198787217539195	13.89215906129037
13900	-7.4723632396864845	8.765949364806339	12.682558631386701	13.467370057916694
14000	-7.222809467989857	11.514556871731465	10.671252458461273	14.566116079346337
14100	-9.923662404802434	17.110896946554874	13.897304604858949	6.757815599074023
14200	-9.35472026867732	13.712865549068585	5.394928460334514	11.367787399921925
14300	-11.152181717175788	11.153445433442139	11.638936017724921	3.1417916346194126
14400	-7.505930945082232	15.559721722286593	11.806769412448709	11.01338630650773
14500	-8.244351585276242	9.369589613746275	15.699789653903684	9.476820929755702
14600	-8.25551035067033	9.820986802870824	16.050385361858403	9.546212603334034
14700	-9.184473014182819	8.61730970530487	9.165811976059194	7.058248767976339
14800	-7.776685952278918	12.20908195322311	16.04523043517937	10.534275273816334
14900	-9.798481773054592	10.455268179320164	14.429780640632044	5.169315705995315
15000	-8.133992539010894	15.675981528277445	15.366593843113122	12.375070353750665
15100	-7.305226666005078	14.625705496269243	10.255494792059187	12.36339865603908
15200	-8.382704648628682	13.965107031198345	16.19734360273974	9.174234425756161
15300	-7.466742296858366	10.364661856753523	12.96990944149835	8.940275740401294
15400	-6.979022456760288	10.198985048549444	12.955054602784728	11.794509268269422
15500	-7.472405649995856	14.25035500107716	14.644187476274139	13.011475668594233
15600	-10.728963191362284	17.728742490619176	8.182252373671222	7.070166701485003
15700	-9.769867137274982	7.727949642321434	10.500644322502048	6.174647381183393
15800	-10.433302063064188	7.1360033483157235	17.782423628995225	8.953664980474414
15900	-14.209441841238718	10.270445110623346	19.346551798270745	20.79672530383016
16000	-9.650351977044656	7.276626185718327	14.270794398204266	16.98148316942222
16100	-9.434527472715335	10.45102064927175	8.151475242404908	6.4155017200412825
16200	-9.622764100081174	5.555722958107489	12.8839400021624	15.078198117432681
16300	-9.609593686604946	15.14886958733361	11.505964911805169	18.433416074005905
16400	-7.824527361172079	9.270279363046171	8.675942402929238	12.957269661815669
16500	-7.2556595967649935	12.81000300335075	10.507118567032334	14.50852133182554
16600	-7.661491932069197	9.08526796716133	10.794277520574582	9.44402041765028
16700	-8.056682618161608	12.59725941552315	12.076974320768736	16.82008813614552
16800	-7.375509561449155	13.038247610616816	14.041211263428128	9.532151351484835
16900	-6.853325302244917	11.381522002965532	11.514305025548515	10.852373245268288
17000	-7.085652971323709	10.983602550860814	10.123676904227795	10.74951700600422
17100	-7.446206467146793	11.519922191721781	14.036719794005231	9.131442774470225
17200	-10.312360858837668	4.7147676708269675	13.844556029986773	9.221312397897115
17300	-9.193496229783726	17.611851836553818	14.644547720874996	9.639486322539055
17400	-7.895637218867423	13.411893963474874	7.718236186416284	12.608383422680612
17500	-8.096368198445456	10.50177251334652	16.556993461041905	13.139894264862429
17600	-7.516926792097295	11.054588676382416	11.619549541470356	8.416462152519905
17700	-8.701068485142518	10.270091208791644	8.625179048132726	7.437891033930277
17800	-7.328617998754306	14.733130333522915	10.591976736098687	10.981079289317442
17900	-8.477514863758952	12.416992512053696	11.402684672689436	17.535359569269453
18000	-6.856334046583195	10.923854323671577	12.32066319317229	12.853642083751975
18100	-7.903027226453126	13.315556887080213	8.495119519853214	9.389402493357341
18200	-10.326925731044245	7.098518551209171	5.662583611662502	11.477599142824396
18300	-8.14791085132759	10.142186182889812	8.441898065741418	15.02099985750863
18400	-7.2536752342331035	10.154319963734874	13.594518405386976	13.786823114804914
18500	-11.849118317319833	6.127341014536251	15.310521446671151	5.187360256689779
18600	-7.10794871030284	12.72546564847051	9.653312235374806	11.303265271075485
18700	-7.1120970033423525	11.495958109096595	11.934689413847753	14.516948296748275
18800	-7.147982763704324	12.759939630832168	10.692743284035775	9.774496067959968
18900	-6.958014767266492	12.617790761476053	13.79097990601042	12.480205925504167
19000	-7.902605648649503	11.154231247446612	9.89643460384004	8.039924762613158
19100	-7.133351761144211	11.049938209282478	14.458406109543025	12.171930403846044
19200	-7.572883050133225	11.140279778394891	8.373422701184092	12.998158057356225
19300	-8.74878556237282	12.35819864915555	12.135274410914267	17.992256757933227
19400	-7.177537064123216	9.396057917128743	11.832999841869068	12.981259445429682
19500	-8.976708392532222	17.390643194580477	14.052355335048365	9.376040975588143
19600	-10.523828668941915	5.593403109597893	6.8242331382494354	12.414096711457566
19700	-7.6797416612346385	8.748669561332832	10.814201931533866	14.198565348228833
19800	-7.330340189534246	11.508680659483241	14.522872095605804	10.021250022045509
19900	-9.67860683052267	12.324488370206724	5.2855169873496815	9.24301714030905
20000	-10.70173259323026	5.784105172887868	17.690551223134626	11.567482575961343
20100	-6.795716360441674	12.365420701235955	11.429509750113805	12.662955083421096
20200	-7.8837119520805246	9.647324626148189	13.592669367901806	15.52288864088246
20300	-8.444217185673704	8.40524707865562	7.828380667197629	11.503150638932725
20400	-7.370023959962518	11.66714970643481	8.939279041990147	13.325607614412679
20500	-7.3820966459927275	14.017492302914098	10.834533715321498	14.454538478740938
20600	-8.373044211858035	17.088562485836132	13.834991228527366	11.82754362521438
20700	-9.3129688071749	5.666284365142108	14.39340849982812	12.603893126013322
20800	-7.563249026637201	13.895507536566608	13.047205498147463	15.166149186587589
20900	-8.30152291119955	7.8891005254780335	8.686954609002969	11.643272487813185
21000	-8.513623834697789	11.085559457407022	6.835022671417698	9.924513771993652
21100	-7.61999076503147	15.060814076296124	12.148248672234729	9.481095543517911
21200	-7.8990012653078105	13.321185639445723	12.500339577741482	16.33148449811369
21300	-10.328536196744071	7.99661840405019	5.10383347691529	11.048642552307435
21400	-6.877176565860242	12.922583613634135	11.452167367476285	10.89840867974053
21500	-7.793774848558148	8.172862256360835	10.506823744570116	10.590391896919463
21600	-8.465170722778264	6.6369491321574685	11.955921199862487	13.47797896707342
21700	-10.24832464681712	4.529859755980562	9.474570497278181	11.070128733123607
21800	-7.51278791195019	13.48963894882963	9.55406172572688	9.632691286614747
21900	-7.416563156760785	13.04169432485893	9.700003857959729	9.612818844192713
22000	-8.147228949061445	14.046798914512861	12.324965505993037	7.424987532764483
22100	-8.29171361842648	15.567402172139928	14.79944899198362	14.69502849409066
22200	-8.9935638624637	6.968281551068546	12.30085001224741	15.879568869597612
22300	-7.029500329762256	11.158792408471452	12.718289028412448	10.029456175537224
22400	-7.096280657934258	13.529440838320086	10.07626571848572	11.481622388781243
22500	-8.4723167284998	14.484803520889718	12.67992370991599	7.056240024732666
22600	-8.001878266417656	11.04712042288754	15.22520628638215	15.361469929377856
22700	-7.115659188792861	11.011896442919793	14.363993413956146	11.695601796457922
22800	-7.0626569397604975	10.15573604548414	13.503995279465393	11.799700349728152
22900	-7.143952547433759	11.631920449227383	9.818940331418071	10.491938864307313
23000	-8.403165351410902	12.327368464777253	6.548279155556518	11.935560751736109
23100	-7.467748800824291	11.21639302189804	13.245684469999874	15.290792471229233
23200	-8.03674569227612	8.33060535513412	10.856316764800473	9.090608237532447
23300	-8.96973355706887	7.557638435859965	8.859746078110998	8.769668835004305
23400	-7.201134135791895	10.823592744066204	11.294296517544208	9.487218796615807
23500	-8.959856494216345	11.50186050387455	15.95415498104712	16.895869554322815
23600	-7.31980528585347	15.11790289016924	12.544409179803232	12.560715370373835
23700	-6.958764658536342	11.890274566347921	11.224464984904044	13.7944012906858
23800	-7.338162047236524	12.238781809834377	11.550807435899136	8.774518251997563
23900	-7.10800081316521	11.92062496248861	11.722821418347479	9.462975632151384
24000	-10.194454514363512	13.286627538688261	4.475532024358005	13.950066380296064
24100	-10.453734236201278	6.013257507095672	14.57350505318791	7.072646888512686
24200	-6.937810708404888	13.229016634250419	10.60745571606249	12.080855736268077
24300	-8.161967778467872	12.158351908648708	6.961443950416732	11.719101460581207
24400	-10.10679636392258	7.390314903772716	6.109993571695596	14.134612027406865
24500	-7.536399663361705	13.65881352871543	9.547452707440993	9.662447912021303
24600	-8.525115345803014	6.530751106880704	13.347792649643594	11.453690461436894
24700	-7.959320673325886	13.144714157083401	10.084590649663259	7.893393735957622
24800	-7.376932597803357	11.163542413778734	13.532807892618377	14.882920706511168
24900	-7.520138909441563	10.561423735903693	11.517516689159581	8.588868966768054
25000	-7.597574447878419	10.073017039376342	12.026080085942652	8.591480830450624
25100	-9.04550883343492	8.050415721101404	15.018947356686683	16.084299970870262
25200	-11.908060053751823	15.089455073912633	4.135725654638814	7.360049170142756
25300	-6.833857837036111	10.746247840243942	12.11039330638604	12.031084968278781
25400	-8.144962897780172	15.157191076209708	8.26459220738966	10.875806217753565
25500	-7.264622372385243	11.169884453407132	12.904919385065726	14.798363478457041
25600	-9.901069177031168	11.299460832355793	18.484264110126215	8.223968302559257
25700	-6.933143565048005	13.508265997030843	12.970075251899313	12.395320411195604
25800	-11.890578565319696	19.908575179181092	14.240641574740671	17.003996853848896
25900	-7.0733115461052245	14.102735061982658	13.188005996773358	12.249722264574268
26000	-7.893997658643725	7.846099163314497	13.280296895574832	10.66826732316778
26100	-7.06259077345531	11.170895064613447	11.369440317226037	9.851228308180705
26200	-7.2664142749476754	13.779092625901471	9.794987319189806	10.840771021851968
26300	-8.10278591630129	9.058020252486656	15.968542247653817	11.854464931985186
26400	-7.275893158904646	11.75945017151775	11.222547948219766	9.020169918221137
26500	-8.882800482043931	16.379139982527107	9.263270803634278	15.435034405180447
26600	-9.899515066407695	11.8531497316968	5.051280725795898	9.09128670867462
26700	-10.255387804846912	18.271241809587956	13.397941703832295	7.321338651451937
26800	-7.074655901148138	10.511670983748623	10.147408092075434	12.521720760113908
26900	-7.150424795792446	12.055925465102295	9.488449836283337	12.986022723137078
27000	-8.443899988863933	9.99459161649513	13.378120293012143	7.03563419541851
27100	-7.38392297829342	8.993028387253172	11.26513688721796	10.620029745364302
27200	-6.9003985589237935	11.765161747307088	13.629753940180088	12.267457508697426
27300	-7.114104115428984	14.04219212808513	13.316427849270084	11.147973312527297
27400	-9.835806673591192	16.657594274021434	12.383473835627306	6.187953037919927
27500	-9.615344870968022	8.292376252894858	18.116606152989338	12.701761615742916
27600	-7.59557497524625	11.270862760011678	12.971759549925078	8.282474184943048
27700	-7.560570307505237	13.581568286199502	8.609176848765085	11.183402169350007
27800	-8.754429298070013	7.426665834838615	8.097626018145485	11.893109151170355
27900	-7.050635420918662	11.19816977885974	13.849423332600004	13.193208103654806
28000	-7.218393533743973	12.63965957584556	14.81445442152003	11.580033438952958
28100	-7.574306541316753	15.674715144440853	11.47649978093048	13.065617304825462
28200	-8.047191230790421	15.564189100909612	8.821613214935224	12.78705909593946
28300	-8.672546896696497	13.616492490776116	11.418811123030984	17.632994055196544
28400	-7.428732511446439	10.70178347629178	9.501784844100317	9.910419547557286
28500	-7.003692169301298	14.154000939492578	12.032796242649013	12.035633907269517
28600	-10.08215427472467	10.26725837964403	7.171293433402777	6.191765958174393
28700	-8.924213789812912	11.081476492919881	12.581630921148403	5.833195752747747
28800	-8.075648693097502	7.3522277029215335	13.52626253817795	12.077576952829673
28900	-9.920852858716117	4.609078408702195	13.324946999524986	12.87735472040588
29000	-6.909051103648253	26.02598106203351	25.261422823802654	25.616535038821358
29100	-1.4660359359230328	25.239545032388545	24.674621152900528	24.64183475362923
29200	-0.7202749893446424	24.86925132400193	24.834860561406373	24.71461490028353
29300	-0.8670535050406015	25.288489172391408	24.74887705225014	25.110179925817835
29400	-1.9002826081580184	24.676594591195578	25.503765164486556	25.172233624743214
29500	-1.2223227206519374	24.798189409937265	24.843982362011857	24.584899951237883
29600	-0.7040740276559505	24.824850826760787	24.932764282726772	24.705020649329104
29700	-0.31015841260843413	25.183684364668153	24.98672137855632	25.02752491473135
29800	-0.6148238561038581	25.31326227083606	24.971415246680955	24.941459569713295
29900	-0.3275323814067518	25.148696931505658	24.939076881405008	25.11274913160907
30000	-0.3913077376531683	25.196573357323313	24.97251337549337	25.115371021270953
30100	-1.9120136078337275	25.51438943671581	24.717725094389486	25.21532787734267
30200	-1.6382498635535767	25.183187310171846	24.524538311394576	25.26492246817853
30300	-1.1235437149363456	24.762612610010414	24.88838924149621	25.382905267146196
30400	-1.3543402554142283	24.83974843377937	24.509720237656246	24.9743194973892
30500	-0.646793223291006	24.991608567817174	25.04227900076861	25.32806050388476
30600	-3.868293842605882	25.823812816974073	25.19281332897697	24.66905270280349
30700	-0.6547668808075182	25.043220125214088	25.329120415280418	25.03263925801663
30800	-2.2784070626941464	25.007719469945457	25.664277772883455	25.175322353642226
30900	-1.2344222504192133	24.604854000620097	25.149234944632237	25.24830308692116
31000	-0.7327968736662737	25.040061626489532	24.68588806565915	24.831707678896297
31100	-1.221666975839176	24.809614294865675	25.440439711140233	25.083651008176176
31200	-1.963997419512663	24.397707463125773	25.18132234455605	25.080991204734296
31300	-1.1556716292481959	24.586418700211585	24.905294134568447	24.793730705193212
31400	-0.8826216405254986	25.130126025742108	24.878725479248413	24.639101610932897
31500	-1.0484465400610967	24.973703580884397	24.772696714113792	24.617404088584575
31600	-5.237626086191013	24.95407932018863	25.068243304366447	23.940329840248122
31700	-2.7156693304272794	25.51076367229749	25.53846043415235	25.13569341248979
31800	-0.23151681548413067	25.092170575539047	24.965866813433355	25.086818711401953
31900	-1.3086590733192305	24.89954113525898	24.540821994531495	24.81125016544543
32000	-3.3598755844638784	24.219591397418217	25.29517661875396	24.87263441446654
32100	-2.2666044606226876	24.9873747159158	24.331761711466623	24.849209188179955
32200	-2.5197221707110504	25.42414468623613	25.306048752918034	24.49788098723094
32300	-3.094094234653869	24.238969943841603	24.92406025333754	25.261519983827885
32400	-0.3926093732986481	24.81461011305745	25.089823545259936	25.102755266469693
32500	-1.1841273787761948	25.351623804594208	25.208892309631715	25.248221508690193
32600	-1.017628645619162	24.786025335476833	25.179057852944695	25.337701975295833
32700	-1.4781445874137886	25.118697778624046	25.146461974944348	25.50861193367552
32800	-3.0553195035405243	24.89494989319559	24.651790489074003	24.28416182129762
32900	-2.730601974983711	24.578894963296836	25.346132303584454	24.47520174141389
33000	-1.2105179057339839	25.351261734226593	25.11457112266839	25.313436481319293
33100	-0.3240921462371335	25.10602438660541	25.059227053621242	25.15172758271676
33200	-3.5193333794413526	25.53047341251043	24.36754435639402	24.742275925334887
33300	-0.7970505872155053	25.221987354282682	24.7752885968578	25.20760190124897
33400	-0.3480703906545442	25.069110971567685	25.036988337972282	25.19223503586813
33500	-0.6056801807034262	24.715829171419383	24.891520156492074	24.91154404316629
33600	-0.977917956068954	25.201607784984706	25.377298770057397	24.99194783590672
33700	-3.4098471292527	24.428580622075973	24.376658985336746	24.908242290115084
33800	-2.3532291711284343	24.884976353108602	24.311910548627246	24.955367274082107
33900	-1.4519450242491019	25.09821966600103	25.090505336159545	25.520159521706198
34000	-1.6590921617440424	24.95942855748149	25.5056409111067	24.722298413809753
34100	-3.8322306492833267	24.566743680524652	25.79265021690054	24.963241285587646
34200	-2.6599373225989322	24.30381361052127	25.131182641413815	25.23444104876754
34300	-1.704712733126851	25.24191800358432	25.387313984995963	25.368833845010844
34400	-1.2279636007131192	25.00990395957112	24.527144844698622	24.877768618189158
34500	-0.1841963655678177	24.934050342449776	25.0424005307213	24.976866470297633
34600	-1.7008267463988578	25.33360561544869	25.317290281188175	24.637032416246893
34700	-2.9977298422752536	24.67483981564281	25.019328604146107	25.725127053414802
34800	-0.36108970527124673	25.10824370835673	24.855561498102016	25.115813524032323
34900	-0.7867612733576778	25.258645220229944	24.821415440433356	25.204440310388417
35000	-2.389590684371014	25.12818878316694	25.65441336329488	24.771787960999195
35100	-0.7924209589238541	24.96762919114048	24.62545060293197	25.022543805545467
35200	-0.4865540702167103	24.798821710634478	24.912668537867134	25.160541070059082
35300	-0.7978202524252587	25.345598446125052	24.904999446840446	25.120746822791972
35400	-1.0042588740941711	25.379793551453734	24.791532927276645	24.965117720786882
35500	-2.88612634166701	25.364918589559213	25.34637003813174	24.40504334125143
35600	-1.8500617395585155	25.282605021245036	24.997874399989353	24.45501879697013
35700	-3.3918555720640073	24.269264225615235	24.68817064543834	25.29712482427433
35800	-2.3440290801737715	25.250599257302223	25.617649496658906	24.79419849486096
35900	-3.8190625813536325	25.67444918193054	24.40063911272071	24.982246175669832
36000	-1.229653816528136	25.26820627380226	24.60134674675926	24.90973827556604
36100	-2.006945697887223	25.554829808553986	25.267459077026828	25.179909019704194
36200	-3.068544177826571	24.824752710370927	24.26492346153922	25.276765917549582
36300	-0.18728147591548017	24.970690768731323	25.02532911749775	25.076598351022803
36400	-1.0312599499078932	24.90564957932938	25.059999166885632	24.572897234028144
36500	-1.5744201897879955	25.157191709295848	25.30380784102735	24.554340362612493
36600	-1.44262634577671	24.992869881087703	25.527740586708855	24.911838422254892
36700	-1.3449586977004182	24.564747425706983	24.72968638378087	24.954008121269887
36800	-1.8064815208534104	25.57086615198794	24.817932239978106	24.909704362820175
36900	-0.8166148984462879	25.32680156980208	24.87541227024978	25.15779228705575
37000	-1.2065187479363013	24.976000026555983	25.24748591070403	25.41477680678656
37100	-2.343327822669901	24.792452715037406	25.58593353278276	25.31637846428831
37200	-0.7299979099486874	25.011763395441257	25.03447682591763	24.64412849844374
37300	-1.4027288901063149	24.59822503152717	25.18625753498693	25.285223304369016
37400	-1.504071694176835	24.794938949992293	24.70993225171151	24.583108385446174
37500	-0.7032572290729353	24.875695440280023	25.105578828034247	24.691081453141187
37600	-0.7402387523728481	25.31980759008387	25.117663686915083	25.118851417681025
37700	-0.6878056573916455	25.049582567430964	24.793365041754836	25.27099642346672
37800	-1.0176125341424522	25.32420900212016	24.705483008471806	25.00584638306538
37900	-1.5991031977754884	24.650253578375843	25.30701447569943	25.32330421478172
38000	-2.04768830328869	25.363559192548184	25.02220578602127	25.536771141742314
38100	-0.4593171160371992	24.971740471119215	25.02220578602127	25.257931326473336
38200	-1.621679325417248	25.115716184543214	25.534223392976106	25.165342406263807
38300	-0.2477195424087556	25.08201442461323	24.955995708958817	25.110162791261214
38400	-0.6628977589206082	25.072741334051216	24.971483440671552	24.6729588495171
38500	-2.10377478322086	25.16513216433087	25.013161879666924	24.362965120687537
38600	-1.7825477478826504	24.515646824278893	24.861907621013692	24.67105621355971
38700	-2.176461308622455	25.540631572742424	24.656894893855043	25.1985050481103
38800	-2.166519315327608	25.126023541105077	24.55768879257077	24.514533835926233
38900	-3.3053596212675376	25.490164025763708	25.67351614468475	25.079933646413593
39000	-0.6465035961976076	25.2057068926785	25.258947708382458	24.99307025967924
39100	-2.1351146172523467	25.236528955622756	24.380102327576072	24.999199580381706
39200	-0.36875406109543285	24.983496670469133	25.024555912300556	25.216378813765978
39300	-2.45296409714038	24.32772352519209	24.761552400649762	24.95483349323867
39400	-4.108168212486698	25.572834906112952	25.581973173874424	25.460264556012927
39500	-2.197554210973648	24.66022871386881	25.164555817801222	25.558186378386367
39600	-1.6179255276065938	25.08767092739251	25.17817857988105	25.534654098598057
39700	-2.865989828009807	25.315352995294273	24.2921677188648	24.953498651205688
39800	-0.2339363405300704	25.08874616613365	25.023413734512825	24.90350354755194
39900	-2.992751004158389	24.735032840403363	24.725789783849624	24.303288627014652
40000	-0.9431418732895916	24.85538211777613	24.64956681345549	25.177817686729355
40100	-0.9991555863534889	25.400203658736096	24.836810077332892	24.968528548324585
40200	-3.5096582660006845	24.875744641957905	24.844826930832284	25.840330756646072
40300	-1.239182293754656	25.216749839614483	25.19544339392107	25.39489875500879
40400	-1.5610925112576888	24.877786842107067	25.401605138493277	24.6306268816346
40500	-1.0461432813396205	25.272022956512554	25.31564631961655	24.843165712817555
40600	-1.9570963571972337	25.380982528260553	25.082391710154777	25.498722385409504
40700	-0.704735397965141	24.674402182361433	24.91471352033524	24.90476376424352
40800	-1.6853043329064543	25.57498880176265	25.01665600631172	24.90318922512602
40900	-0.9181841244481346	24.640346168744372	25.105999372428375	24.829108314704424
41000	-1.5566830242557779	24.774343131071213	24.872094758963097	25.494366852264054
41100	-0.7236635415788798	24.82289432701411	24.728253584559205	25.146121126102113
41200	-2.614266766208375	24.31081737987214	25.117161257156496	25.240828825216028
41300	-2.9259458413134833	24.942590516928878	24.772358179449107	25.74889474333816
41400	-0.36134491930496493	24.87669130277437	25.08647138186214	25.15286050214238
41500	-1.799186873856451	25.378718896353966	24.81648516652552	24.56587627847364
41600	-3.717355670095577	24.264219695313642	25.0564459926293	25.49726253408231
41700	-3.2674930819806325	24.831014158279	24.683868294226798	25.750575712721535
41800	-0.5251423260933278	25.202330434407408	24.906500747825724	24.818979623539338
41900	-0.7671587732029372	24.84177726319834	25.292448260969042	25.160215805851976
42000	-0.3970488805173767	24.870745491664724	25.167851855957256	25.095403919926387
42100	-0.294779222405668	25.04299734946098	25.167851855957256	24.96488201158731
42200	-2.0650924457388498	24.86023343105882	24.448749264609194	25.318193592291095
42300	-0.7471406476694151	24.86333471495322	25.01324117915757	25.336048096150595
42400	-1.3219643399025063	25.366469747298247	25.246867469063588	25.25352717250062
42500	-0.7377966686542539	24.986830684593862	24.86876574331833	25.335124978347835
42600	-1.9300110403709465	25.018352370427394	24.38918501249573	25.145634407664204
42700	-1.778870330826332	24.707489143425036	25.482563699090075	25.206455781994315
42800	-1.099087822147248	25.061442728394184	25.19837448760164	24.591510234029784
42900	-0.7610122747007392	24.737322654440757	25.044058456209292	24.74716981936489
43000	-1.448642723574212	25.07286165785087	25.4341097821746	25.30644783883306
43100	-0.9674825922698118	24.71920985952408	24.863571295855426	25.28860012848863
43200	-1.7387351673285387	25.07727110565573	24.48206641262546	25.27912249083682
43300	-1.129131831712754	24.646673128644125	25.1631592530525	25.255356930192757
43400	-0.3479576549641444	25.02972774769463	24.970881010306513	25.203327483712343
43500	-1.150586103482319	24.54216980471075	25.043343948306607	25.09974172673281
43600	-2.036662236891942	24.601693619704264	25.506306958129493	24.942149359426438
43700	-1.347409540675799	24.92815940996861	24.97979572810876	25.50951433369914
43800	-1.4576611729329585	24.8897277767369	25.05720760290182	24.47631896263637
43900	-1.3616430208791654	25.10788035126598	25.102096844769438	24.503738779549323
44000	-0.5313198348257309	25.053168923355713	24.864030055098617	24.749987778439493
44100	-1.0597077491790474	25.19680423593136	24.60009566873078	25.050843154224165
44200	-0.5011305187286056	24.75864690594707	24.910540752834024	24.895798937462168
44300	-0.6333716239967618	24.75864690594707	25.213590780221164	25.05125143143214
44400	-0.6675593759824353	24.968820114825483	24.78838408130225	25.26142464031055
44500	-1.1846975896272942	24.815106313704486	24.582104132803547	25.14210312040086
44600	-0.3046429667687595	25.108432129464674	25.13074975504219	25.0677879691913
44700	-0.675466261032906	24.661651578270185	24.99155842242179	25.03609010522283
44800	-3.306925157669156	24.45034860775249	24.430284790581855	24.72809931726999
44900	-3.7817801461014358	25.53773154997907	25.623573955650226	24.64202557791712
45000	-1.287259411517615	25.299952419892257	25.227995126616644	25.33144262232692
45100	-1.0020205410626362	25.3305843427487	25.012749211992674	25.28102042296143
45200	-2.455805949806322	25.678324890710808	25.186554160536083	25.128675328608697
45300	-1.678768064539007	25.491171224428147	25.31227228113126	25.006798343885375
45400	-2.1827692036780317	24.673949691255494	24.65354175415455	25.473780012182935
45500	-1.1202364179522581	25.387479020402907	25.152126901687737	25.203491124114294
45600	-0.5081514904642672	24.78760557280031	24.83965008796617	24.911406189307858
45700	-1.2332655589816	24.98190452645359	24.769708832774537	25.43179548642069
45800	-3.6431182647082574	25.00787542055722	25.876159656998965	25.087257473327686
45900	-2.648041688572674	24.945940708620327	25.63763673504947	24.61960482054332
46000	-1.78763797012288	25.52786599221638	24.758210607406692	25.160928751289187
46100	-0.4150813227215232	25.11948451180203	24.878607010233825	25.170227154897123
46200	-0.56617320867325	24.75423627958732	25.16831155021057	24.946731986709835
46300	-0.3555602030127453	25.049765072146954	25.0887981202016	24.814523568232133
46400	-1.5721842992054271	24.56336387271468	25.29546245210673	24.807192019594964
46500	-0.7509095896726358	24.789989275601844	24.73457442618743	25.134399981250937
46600	-0.8125412383351408	25.000474984629765	24.74642331607844	24.71362060786053
46700	-3.708300543321457	25.493588203341265	25.68420123139859	24.720615059942453
46800	-0.8226105691036764	25.30864965478054	25.08807101642222	25.21338001830328
46900	-1.1860445746516486	25.445888552755065	24.950241640775012	24.832599993745152
47000	-0.9838395718756516	24.62487935730626	24.953517360139287	25.20372697523935
47100	-1.0491622540320773	24.64412352838806	24.9611320140439	25.265966503595152
47200	-2.563610844035941	25.021644509532003	24.273155064361852	25.081664253318976
47300	-1.1752151357227727	24.550953682063785	25.075175027727933	25.140052973744687
47400	-1.1720079594897674	24.95405162553836	25.237068516325934	24.590264383385463
47500	-1.2350143858388856	25.384902709471994	24.732156159454927	25.14250269987585
47600	-1.5572213594896902	25.311530840405105	24.83015652522132	25.431162054685352
47700	-0.5486222248292251	25.08817337097752	24.872252789525565	24.747865207320164
47800	-2.0963964945004716	25.465973401245904	25.250348573310774	24.610371887961676
47900	-2.4839680921895058	25.42289935558936	24.850621627791252	24.437341184033336
48000	-3.003289257455316	25.384166211929912	25.539986974492965	25.440429107358263
48100	-1.2473745603093043	25.303418653411594	25.265065910907243	24.71606105018261
48200	-1.145575259653679	25.43441101051778	24.954966954171717	25.17199178904407
48300	-1.1798711657405825	24.876901679056584	24.909089582855614	24.547755056773948
48400	-0.8561705464132288	24.906712929217573	25.000533708113327	25.383806143589233
48500	-0.4226525918563825	25.11268953750459	24.78843185447213	25.04703810132647
48600	-3.067890299027784	25.58795916829237	24.713369056368787	24.5313317642413
48700	-0.8646079698547103	25.244866469211278	25.303828702714977	24.92507715351185
48800	-0.344720343058112	25.115915169009643	25.123218492933272	25.117197244521755
48900	-0.36990476213554485	24.9900356171019	24.902984849069856	24.803939737154625
49000	-0.9675084644228557	24.787633051007056	25.152053094722444	25.33545761758351
49100	-2.6916056275230593	25.362914868641727	25.555080036539724	25.352226251007817
49200	-1.8222012219974848	24.763005035272208	25.274807577242438	25.488873791405652
49300	-3.060902145427774	25.682021835905896	24.648212827429067	25.238835244834217
49400	-4.104900022513111	25.5336844685608	24.235190299744513	25.09053624835504
49500	-1.066991958017962	24.843671701907468	24.57792028521457	25.016410314967366
49600	-1.2235546478262318	25.2180801132134	25.38887051000354	24.802841129106792
49700	-5.098200092025398	24.27790690938946	25.690821771692136	25.3162751948593
49800	-1.0440977990521407	24.963556485835266	25.323201885527787	25.303288544855388
49900	-3.2981841888109895	25.541911055308073	25.21321554765861	24.40037415419405
50000	-3.2994109708534016	24.42309865349527	25.56838715434902	24.792459367856136
50100	-0.8824602606523632	24.61735631072335	24.894491797676263	24.93439585916019
50200	-3.0086137939132658	24.20838672700891	25.080736941734393	25.03406775905089
50300	-1.3171720807322644	24.63521020161123	25.218000582201135	24.720968007511626
50400	-2.506794045710787	25.069470066518996	25.674863492626102	25.250096614372975
50500	-0.9211729410920698	24.69461280387844	25.134769540370357	24.75703760310487
50600	-2.5539621450688332	24.519209193136337	25.53012953912347	24.854742256716044
50700	-1.1055243788626046	24.5977414808258	25.052762825522837	25.216393274011715
50800	-3.6207633767038914	25.833258382607518	24.84834135453648	24.76968716137904
50900	-2.9899730076158075	24.24265049324785	24.84625140775327	25.181580114529297
51000	-0.9895387986340703	25.430740441887412	25.008285837556926	25.00642839617486
51100	-1.920157111027902	24.470940945170586	24.71214476351524	25.17229990252733
51200	-0.60671015622597	24.91980719138089	25.23484168255798	24.802534120436885
51300	-1.0512516836847676	25.33326413562134	24.769217276589583	25.18717807723744
51400	-2.3354427564899645	24.77954109806044	25.659938473493074	25.02482256695872
51500	-1.0235888049952762	25.050096262834565	25.16081238379274	25.406009504085727
51600	-1.0181036569943205	24.783246196231808	25.380797299528407	24.997498163687478
51700	-1.5515784631945593	25.556371327298923	25.018049417105633	25.025887749925595
51800	-2.3136675689559616	25.37657145605203	25.503818653461934	24.70972625261879
51900	-0.4381065140840628	25.246505435641392	24.979957810060633	25.04404748349981
52000	-0.32505993625699303	25.126806666303075	25.12979735156639	25.071120005266362
52100	-1.714615177724372	24.90174795414922	24.807013877834176	24.45238856472989
52200	-1.8054580553534767	24.954748957396607	25.45336218125937	25.3992214595784
52300	-1.6079136074289773	24.571944063028972	25.216549029748535	24.695141730677623
52400	-1.294119225117004	25.112375069752026	24.521778347378614	24.890420159064305
52500	-2.8926400189437342	25.483392319684388	24.795816240067857	25.577234395544757
52600	-0.8976851709584448	24.936304868037617	25.382919814643227	25.12062643207608
52700	-1.5476365170467987	24.840925633187133	25.242651915062225	24.525148005372923
52800	-4.593809198315918	25.16629297244359	24.168739733187255	24.48236180444233
52900	-1.1727644010314964	25.203204730420364	25.38603824954013	24.81014106389663
53000	-1.7646299210446525	25.538698172322864	25.04883244092287	25.255557138728467
53100	-4.62137600914008	25.603353297774643	24.210818231899705	25.076675799893696
53200	-0.6101543870871854	24.983462981216892	25.264629018873812	24.8238248881709
53300	-2.1201252651058833	25.032986020903497	25.069339877991595	24.343499696574657
53400	-1.4058502561631365	25.10241516864137	25.51069012299674	24.917128434350612
53500	-1.58419949856376	24.5739211813383	24.638531111759395	25.074774413988436
53600	-2.432354203645036	24.360778630279928	24.777062212668476	24.780984619970006
53700	-0.45178308199774536	24.777217714055084	25.07722969227354	24.897288437867843
53800	-2.3252416977207733	24.97918796245848	25.30136979546043	24.374529553376032
53900	-2.394304250893242	25.145989779232107	24.966360966632504	24.310527152126593
54000	-1.2364449404123818	25.183920009100692	24.638408751459302	24.72442689101395
54100	-0.7252190616882825	25.26968432463318	25.16263982733792	24.833482013139374
54200	-1.1690016682013984	25.040693047175292	25.369685774263406	25.29530399516303
54300	-2.490640508361718	24.448268602823134	25.066325446561056	24.54128563802322
54400	-0.722225100964071	24.793286475075963	24.892487892353838	24.731755840594698
54500	-1.2723636241481078	25.031740569121208	25.13931596566712	25.47757812645284
54600	-1.1739871255428582	25.213208141860413	25.07257820263663	25.4194168779342
54700	-0.514692956166511	25.25754768206838	24.919215489436105	24.914741196074566
54800	-3.3738507635384654	24.943572177497472	25.742600376373137	24.598932682920992
54900	-3.0233503764786334	25.130189338685522	24.681997835984834	24.27921515287641
55000	-0.8652574743353106	25.066124513125956	25.356289244516418	24.836553499278363
55100	-0.7101212202723187	24.9857074670868	25.028489154308183	25.350055144308712
55200	-0.9073711257881983	24.875877095274866	25.251878418271673	25.29755435089355
55300	-0.5545131117425559	24.839325696171542	24.818934670494357	25.174281517477432
55400	-0.3608485791762696	25.088315547996732	24.965781064917216	24.807729881507
55500	-0.2911716533419419	24.966575626477862	25.065611103144473	25.15821694948322
55600	-3.2586156844879755	24.879684166489646	24.178378395098193	25.018672284048822
55700	-1.6950475277035921	24.43570466128384	25.017587565360067	24.84608939777361
55800	-1.8677947182331733	25.478414863595304	24.99056098739952	25.3896734698746
55900	-2.5132472094452054	25.57164541183736	25.070596837040807	24.5612668391231
56000	-2.8471943435960068	25.576276414463273	25.506162032303408	25.10082232972649
56100	-0.5137170376196423	25.03722400144241	24.757214822622252	24.860075484968796
56200	-2.090955115531526	25.655084426880528	24.98880412326144	25.033845755925924
56300	-0.8841341184623082	25.02348608986693	25.38039566426233	25.130275045928048
56400	-2.2490517824016742	24.355449916620465	25.09897422492886	25.200744550721833
56500	-2.865750521279281	24.523417505783055	24.51754782279278	25.377746302348996
56600	-0.7749890743565969	25.065675901795053	25.055296802325422	24.638615812840893
56700	-0.6621483663933261	25.117587348425943	25.057390910709294	24.690527259471782
56800	-0.9674829708838802	24.707500371521014	25.213517512540893	25.2227111397779
56900	-0.2492517953490938	25.022926002756826	24.874570135690345	24.930137046702832
57000	-3.981867485617497	24.924058707177974	24.192725772968117	25.439488885541074
57100	-0.21073193307583282	24.937465983402703	25.0776536592669	25.051366538555346
57200	-1.3587738273549497	24.913354135207424	24.676748633826616	24.605410866033044
57300	-1.2931017409005472	25.374516053503264	24.846722575220433	24.701086139507012
57400	-0.6056370546229763	24.766391420506594	24.996640462709752	24.78610387080197
57500	-5.800098687177476	24.880471806425195	23.892710263892457	25.11951178802039
57600	-2.2857097219005307	25.166323792652832	24.545234647546014	24.51090884202242
57700	-0.4654087600637135	25.11142210957566	24.791695497201797	25.115621422608196
57800	-3.7056598089569674	25.749577189757808	24.690399850010547	25.36264519591259
57900	-0.3750940119748026	25.154468764494908	25.106370121879056	25.118020420696308
58000	-0.9806599403749289	24.635322152302987	25.22403210137703	25.02222415346616
58100	-1.4361249839814116	24.826063045381172	24.904054796987037	25.495408050012436
58200	-0.3573116581845104	25.041601975088376	25.19915540060265	25.061308968662065
58300	-0.5828431064099535	24.91400683900165	25.14108663382362	24.739289000649478
58400	-1.0091776336915161	25.35190017721068	25.095058471013164	25.239043187718906
58500	-1.1843404940736286	25.28720245856337	25.25698644705518	25.28356531370587
58600	-0.31349104526830873	25.109510303272433	24.86391709797893	24.929975641151188
58700	-3.9736918932715857	24.55653175346953	25.547782602315777	24.406651388541444
58800	-2.6378022498379656	24.92237393871736	25.678191032805174	25.293187981038376
58900	-1.5764091755255343	24.473803627694014	24.812727394612818	24.93589620907078
59000	-2.1266951642762355	24.49345946162971	25.426339423119362	25.00031863411199
59100	-0.9373513542906055	25.010326432737006	25.416000608137292	25.029781816952493
59200	-0.6789258100559873	25.284424447125737	24.88667188276251	24.84873311397903
59300	-1.9711749565974201	24.733305717117805	24.430445777211595	24.909055935449775
59400	-0.9325479583661825	24.81412806145788	24.652398056464705	25.132692078893964
59500	-3.747587983579665	24.21916244645497	25.343326450252142	24.733604072728852
59600	-2.0312683610802753	24.492659113064953	25.263755725363662	24.699698638428007
59700	-2.380590188594075	25.363891485311	25.08016726886908	25.596595369309227
59800	-0.49780942627734825	24.999559458763905	25.126093225660846	25.24591546955728
59900	-0.45219970622306427	25.075243382684306	25.1295668515998	24.79074062796363
60000	-3.724606936463046	24.9990802764725	24.882230422607766	24.117067551889825
60100	-0.4847185401629861	24.997854856063633	24.8388045539758	25.217890923484834
60200	-2.0123080285541786	25.15052606990912	24.49900507218285	24.62680388087317
60300	-2.0943716539485027	24.889480679731715	25.584603265818505	25.277831282242722
60400	-1.1807233952640799	24.568845125277438	24.794819942727827	24.9881935747449
60500	-3.4621080748066837	25.255002383449334	25.62098450383471	25.53334714515084
60600	-1.9896138855652155	25.468537708089798	24.862651367045956	24.58830352808252
60700	-1.445860029585779	24.78662253368535	24.603429257646926	25.290264928688785
60800	-1.9866534873722792	24.592774260469564	24.585465470394606	25.263735986223562
60900	-3.0841634985568023	25.207584955828885	25.142519910795624	24.233373608374013
61000	-3.45885640210672	24.59221261693464	25.68398627823023	25.316633501512985
61100	-3.0392896521940798	24.93962602278081	25.312497737270622	25.73474325067621
61200	-1.1787594090724076	24.536078201658214	25.04764726667216	24.898991905261944
61300	-2.4459033391076206	24.51388179061627	25.513814633270044	24.905303213615404
61400	-1.189744741334799	25.004156378768652	25.105825997253724	25.467890051153688
61500	-2.562767095683172	24.907974086883147	25.156376075076082	25.708753377664408
61600	-0.16805482923005166	24.984225371326577	25.006035461245908	24.946990107002225
61700	-0.23085315852366461	24.983073437330503	24.94205276776854	24.884215249284505
61800	-5.2387593792794185	25.188620107483032	24.782613057227152	26.023271185936135
61900	-0.7071479888236416	24.866444377306102	25.111583863526867	24.69568810175279
62000	-0.48226052266054875	24.839516685468986	25.12024792969585	25.180843421356354
62100	-1.226323299031338	24.766129706101985	24.797216556948545	25.377425020873122
62200	-0.9911410563128761	25.130058893872537	25.02662813886904	25.41034009219883
62300	-0.3841683199033239	24.998190589618257	24.89475983461476	25.20010439333319
62400	-4.926157400812315	25.620318671831754	24.17978132006008	25.05382846766052
62500	-1.222277393385742	24.630073006347832	24.748617414080964	25.193204063739575
62600	-2.7601674445910396	25.0540368083255	24.271732609507584	24.78592764918137
62700	-1.1906970896629263	25.410910228499024	24.76461189804553	24.921933517545792
62800	-1.9755680176182817	24.755332439375742	24.50697329548631	24.68089599612034
62900	-1.7504597965660402	24.973316895697053	24.901074753483112	24.41327802981217
63000	-0.6542159282244385	25.17984706297196	25.26078997647201	25.10380142747809
63100	-0.8390769793374718	25.009503782128657	25.03907911203751	24.61193576698865
63200	-1.483294265824056	25.289679285302622	25.199076245595787	24.585481840062293
63300	-1.2109838403051072	24.99113799772242	25.02609748875943	25.483836442318143
63400	-0.47146298332134845	25.15129631670186	25.120428568650766	24.81799523878327
63500	-2.0379637908517743	24.963517786517592	24.904058672969462	24.361176903102475
63600	-1.1925135266536855	24.861174709371728	24.680161237500492	25.330429277545125
63700	-0.5016894030479584	24.841525797511082	24.77170573585445	25.00199673873944
63800	-0.3190475745361425	24.849247464742223	24.88200461405437	25.000140954315608
63900	-2.5519514658329303	25.304288408282183	24.566469796550823	25.50230493713904
64000	-1.0194892814972687	25.06519031787263	24.901444790570324	24.577696716011832
64100	-0.9395635154680879	25.077688440976384	24.646193566162403	25.208151874099695
64200	-1.695301183064227	24.644258156178918	25.03339530927635	25.4634823480574
64300	-0.29427043086529014	25.08956288149149	24.85215473100962	24.964454358516523
64400	-0.3072200306038586	25.156751732795644	25.064650086854495	24.927404026982
64500	-1.362928366356447	24.952324824275504	24.9727776227486	24.4846275260076
64600	-1.0605752828183659	24.917522940107965	24.801812175602656	24.605852421185585
64700	-1.499774290105436	25.161575059682743	24.549540163335696	24.735401420882376
64800	-2.5533325032251346	24.644305103528858	24.6679586219101	25.544414073707372
64900	-0.9224303141930359	24.694895441669136	25.108191963629054	25.256787886412365
65000	-0.6483856136889489	24.75670561339065	25.012628932924972	25.224686092759715
65100	-1.0762613493141147	25.068403245485303	24.95803406409662	24.554490357210426
65200	-0.30227853053540815	24.841059751335415	25.010367663891987	25.086909795401333
65300	-3.5054430132338497	25.816305005535465	25.071625739054035	25.27065295965145
65400	-1.1706411458366748	25.419004007474424	25.157736744750633	25.159521267483786
65500	-2.324188495561588	24.808523917563093	24.7203903337584	25.606128264971275
65600	-4.048882582999796	25.389628903529434	25.73783035878433	24.588542637503107
65700	-0.9425377656609798	25.096801635452916	24.713761859332216	25.289654628593148
65800	-1.117954541517316	24.6297597885737	24.722633206412425	24.98680958421604
65900	-0.8395147946731228	25.212365018944066	24.87933010148133	25.3043821848142
66000	-0.8173506840758973	25.289995478375797	24.876182665593937	25.21898669462678
66100	-0.8341814314220081	24.87079626405803	25.35562858511647	25.089208476867395
66200	-0.8214193421180884	24.822573766808404	25.11109564323351	25.323210640701948
66300	-1.0623735013284121	25.34068720463485	25.03672465339459	24.709455122954243
66400	-1.197426357035785	24.685418789810193	24.97184208665787	24.63655765660716
66500	-0.40521506852456846	25.173912683432313	24.876581734816508	24.89841309032596
66600	-0.8386237222883033	24.949766046269215	24.98636687194698	24.613475341357844
66700	-1.0573468766867722	24.56716305545727	24.90213512495069	25.061566347290963
66800	-1.547766472271241	25.300700179118717	24.89906484306663	25.45726294205103
66900	-0.39926635568239843	25.074300927759527	25.0591549870591	25.21320345520093
67000	-3.4036966132841604	25.4474805979661	24.279790613884163	24.94355200074396
67100	-1.354108043384989	24.501994882802784	24.86635218498352	25.028140010090592
67200	-3.3351802935760166	25.572331030045756	24.666797829437165	25.51799080955206
67300	-1.426371916340913	24.488332738294808	24.862228467451565	25.044010816104766
67400	-2.0245251696468562	25.54147474006791	24.799935903455125	25.287095353736373
67500	-3.792474276948478	25.22659696830533	25.364423880487394	25.79017144195462
67600	-1.7089168833082498	24.74769873759935	24.68134578897671	25.424632395185753
67700	-3.7368208970017394	25.633971035646823	25.45863354778774	25.42882448091717
67800	-0.866725479819632	25.280937248569533	25.225696955602487	24.831208395850734
67900	-3.6539253649058216	24.404894717066146	25.39866638735335	24.48556047479459
68000	-0.7419232845095551	25.245716821945994	24.88072421189972	24.763318425645057
68100	-1.020139136668655	25.186591601645528	24.94721079234046	24.606497450417923
68200	-1.4828193904205966	25.359596253439403	25.28724892189422	25.28886641952226
68300	-1.1860215095577145	25.244177354118264	24.65778907161462	25.22930161913489
68400	-2.1120907562547435	24.592835510143647	24.81161826562396	24.516437492567267
68500	-1.4748182111476933	24.67090784512315	25.42104115583	24.911062517451388
68600	-0.973276585464173	24.889359750036288	25.405216069675603	24.925219290759436
68700	-0.19867493999432978	25.04369819339323	25.083458911110046	25.03201345915537
68800	-0.8191638428635115	25.27387695145207	24.73675172972612	24.941025683237974
68900	-1.7271052582368753	25.380006377215672	24.547771589386365	24.974789223384384
69000	-0.33653389986531446	24.843602785873262	24.906875356853636	25.086039643099163
69100	-1.1049120968974169	25.28709031220916	25.326272968202687	25.14970277632632
69200	-0.8569730234628887	24.981370779916016	24.62881510891956	25.134398568825258
69300	-4.1757641760840345	24.658602347513966	24.6804387150701	25.82159942769425
69400	-1.0108702663708575	24.896487157022044	25.297085088070943	24.697653881111407
69500	-0.3669197751432392	25.178850641566047	25.073674555256932	25.09935810273907
69600	-3.349796182717996	24.819948442563142	24.210150977692976	25.23209676256147
69700	-1.4229658421126854	25.20265085916724	24.834908104496105	25.462213937208194
69800	-2.645292411495243	24.478915594708294	24.681088376531374	24.575313087157546
69900	-2.684866028161475	25.04973169721982	25.71959697900695	24.794832658315478
70000	-2.09436770197626	24.873042626636863	25.007223374817052	24.355799340314064
70100	-0.7450320858184706	24.712966004142263	25.20805583124043	25.07507821852858
70200	-1.3019276702382887	25.246221348872364	25.184729852391992	24.59960396368239
70300	-1.309070652161934	24.92847870846255	25.500065340159104	25.0383894080299
70400	-1.0361361941938236	24.790915065857234	25.093992019132713	24.621250379401257
70500	-1.8522394551227064	24.794503161211633	24.766580607522116	25.52975938039782
70600	-0.6022334807803731	25.049959550733103	25.283055476168773	25.130242465994186
70700	-1.1498435629279733	24.775943959708997	24.619219862427318	25.161480544500602
70800	-0.90792204738245	24.601551899003212	24.914634963393937	24.96176162709568
70900	-1.1940639393680712	24.85361865234269	25.44464562180819	24.890637707605293
71000	-3.848616674718427	24.10658853614882	25.135769047098112	24.933813378255078
71100	-0.8460892540028332	24.94648151095767	25.258015423469576	24.70959778985606
71200	-1.2658365458452447	24.972559268534667	24.577008942251773	24.74043810302606
71300	-0.8347404249147798	25.025073809580945	25.363458858975772	24.863924172023076
71400	-0.8161626603734656	24.638040232189464	25.125446173109154	24.980825509837377
71500	-0.7325434073121623	25.26657088022	24.985793694644205	24.76067727352963
71600	-2.7634444489860623	24.56105731627814	24.39931378488516	24.83766098845129
71700	-2.4432051719361016	25.57506702273068	24.832688107841243	25.387284042549638
71800	-1.0554980346413687	25.246422479193406	24.834988552692593	25.335189647313392
71900	-1.517069958235122	24.86918370698853	25.112574706969816	25.52258060341939
72000	-0.7022875208800241	24.8542617987027	24.786636699787657	25.234627724672965
72100	-0.4972761850337734	25.184615643643312	25.116990544728267	24.831222358370738
72200	-1.5823556642106613	25.459426700010464	24.6942273575168	24.88679846589227
72300	-0.6273766334128092	25.208692341434443	24.764643521597613	25.078877507561536
72400	-0.6134300328290032	25.09068429165186	25.295830159772574	24.92044839573687
72500	-3.7441787711890813	25.391615535950823	24.2017818286512	24.914709046712805
72600	-0.5715097696580486	24.900376325214086	24.726449724784107	24.9105721618411
72700	-0.848553473270271	25.128895012612542	24.64167215370895	25.096459658156803
72800	-0.3956745730032712	25.128895012612542	24.814414407328538	24.948798991638803
72900	-0.7119171543616215	24.678544592642766	25.041936190514523	25.137336761056453
73000	-1.737756893104742	24.529412745858455	25.320529459120408	24.833487245550337
73100	-0.7218607208359321	24.688180549609353	25.17004052867721	25.004259029882355
73200	-0.5511246766705225	25.168531957988534	24.95436160476364	25.240283297878193
73300	-2.1420791230807703	24.4696770606895	25.39898895859662	24.96349286758611
73400	-0.9462770089318624	25.080417919262544	25.397582652173806	24.89278726957234
73500	-0.6834952091154317	24.701958232622882	25.169678777153045	24.995776425490458
73600	-3.5398906158872716	24.547398948893434	24.487417100065485	25.53366957489557
73700	-0.35455294650846414	24.88681370847648	25.066549815107102	25.16522507691057
73800	-1.5779268062520562	24.781699314769384	25.278607687215356	24.56282410211347
73900	-1.698488645325837	25.02190489461037	25.56546867665674	25.151515904600465
74000	-3.3914850227904116	24.163296399713744	24.86148655835255	25.01241962157532
74100	-0.4884942262014689	24.82241533304885	25.113807518182277	24.827328044519536
74200	-1.3271988193158055	24.681542488211978	25.043099892719837	24.603250607759026
74300	-1.6100373729815154	25.449470445264403	25.289664707337774	24.80607590172257
74400	-3.2568866268603185	25.524060851969477	25.314576417600197	25.562053628687497
74500	-0.9130283544660999	25.38751910245526	24.911694285791725	25.10332488956192
74600	-1.9764060261655811	25.26593198809107	25.573020198396556	25.076675719354977
74700	-0.526633609043025	25.15943041238838	24.771212159072793	25.070834703353512
74800	-0.36316765762239417	25.113614446816822	24.81913840388159	25.028888774485747
74900	-2.4752102134069007	25.256652262707266	24.858120650896414	25.65558857318199
75000	-0.7499612939900804	24.662830293979937	25.046767388347995	24.87140271032493
75100	-0.9939021636001275	24.950674169643587	24.96016877341423	25.427314146929646
75200	-0.8573626298418942	24.645712795869695	25.102240390885225	25.142486157805294
75300	-0.9855171416716288	24.68261937166834	25.27935564110702	24.922646469679517
75400	-0.5079916514516448	25.046629879861527	24.836004892900473	25.222638922155646
75500	-0.8531500647986829	25.36359115057452	24.872520808402914	25.08300139199699
75600	-2.145710745312514	24.863360721655905	25.441931444776497	25.478122068777424
75700	-1.7780011936795332	24.987822157044008	25.443847240933255	25.40461401369861
75800	-0.39505791768586396	25.20452701739094	25.10814903442663	25.003595933200447
75900	-0.4377308248469368	25.110127681550434	24.991784320758846	24.774549983688672
76000	-2.6117856839265636	25.44239724757635	25.58979666263126	25.050706879093838
76100	-1.9745938707464608	25.563132134791434	24.705826124504515	25.02987247120778
76200	-0.3520534264533271	25.056916542074358	24.89902162961962	24.82522080337689
76300	-1.156764976143457	25.084141793831026	24.840400738290636	24.563815503907634
76400	-0.6691152568009029	25.030101436078766	24.944274211174278	24.667688976791275
76500	-0.4082279842942907	24.786646662912187	24.951774998657267	25.09285380710211
76600	-1.5555434214326127	25.226911345130517	24.65156788072441	24.627800574378078
76700	-2.0984361598579855	25.422013534666572	24.65156788072441	25.364099681820306
76800	-0.5636190227386391	25.172808817924057	24.755968452892255	25.039801822003277
76900	-2.6394538941916217	25.282510920521688	25.243609108421015	24.357242433920952
77000	-0.9688523321967488	25.17542925145459	25.378479575158394	24.916166211828763
77100	-0.991327035798731	24.679887465338112	25.19309553902156	25.215143607057403
77200	-2.4000825572171234	24.91887798397495	24.303465651057074	24.914206087095486
77300	-0.1798852941274386	24.999956852693195	24.963203552608107	24.933891556855908
77400	-1.9696687254051266	25.4586009853985	25.176878286273784	24.59769021129395
77500	-2.6194336100309736	25.36674366126984	24.712038283357447	25.574824574372496
77600	-2.461325785857698	24.7784825408923	24.907854274375353	25.67464825142953
77700	-2.743853240176167	24.469592198849536	24.625984487642434	25.39277846469661
77800	-2.26281582541549	24.66075422751494	25.338128024318696	24.51094018456227
77900	-0.707544609770483	24.787563572670216	25.187080363891983	24.792988806715325
78000	-2.726050869041905	24.385320041539842	25.391616878835936	25.200857282015676
78100	-1.3153916877685932	24.600342640001138	24.94912697033738	25.30942687383525
78200	-1.4239442910824052	24.748478348012625	24.56107023250149	25.162047460089376
78300	-0.22950496553798871	25.055362115386057	25.02667213121821	24.886094188469865
78400	-1.261834011124352	25.435048430162535	25.18266042374876	25.153379880974864
78500	-1.4995259983984455	25.366580184735152	25.29069003614711	24.716987513456342
78600	-0.6131440915933035	24.746783530692056	25.15392316199758	25.119134878601393
78700	-1.0213935039931195	24.95117850310401	24.584958737261765	25.13447431999223
78800	-1.8695167813472005	25.02611661266446	24.54897664128661	24.579174830931258
78900	-0.9474023336380702	25.190514653000367	25.107800172283394	25.358283321714232
79000	-1.1581602441529015	24.994834265510274	24.637199325755656	24.69756368281684
79100	-1.7537294762812399	24.64826183356959	24.54881843928422	24.83212230704089
79200	-1.3545934044680128	24.738417692245232	25.05488483080383	25.44196482328005
79300	-2.637317806835805	24.503500975136404	24.481417817261608	24.809260233175465
79400	-0.9286324647120648	25.367322361600234	25.179633180852584	25.07013394180008
79500	-0.689107226410563	24.891613609699576	25.078505818694545	24.6822359949864
79600	-0.41489077543338165	25.03288893145288	24.765887496808144	24.95464141774007
79700	-0.3776855852997211	25.115593783577534	24.848592348932797	25.115731271980998
79800	-0.8994034679797518	25.292859038359666	24.820156921000024	25.21796165893773
79900	-3.3354133528541987	24.62843603284579	25.33769139344177	25.67443124576202
80000	-1.3160334364529391	25.162755704456085	25.42239995095022	25.230847425202814
80100	-2.3384675587392225	24.383089403622403	24.920033463362827	25.313744997480587
80200	-0.5133695651440047	25.223227679521255	24.857194543038933	24.901979966351536
80300	-0.5699845541328539	24.74076350482467	25.139129436354413	24.923498558106054
80400	-1.0779415246794857	24.847067541173317	24.733598815565376	25.333068206018126
80500	-4.509033438942429	24.830388179807628	25.7679083261546	25.59102103245211
80600	-0.7471990133092	25.238102719158995	24.805638714223306	24.806803706683233
80700	-1.1664337509491283	25.079563936782012	25.219800575478324	25.412691875429182
80800	-1.5765898634548154	24.906490093794954	25.183899551124185	25.523010470620807
80900	-2.214443035092381	25.40825992380759	25.002055651266424	24.46040027983288
81000	-0.918279736242123	25.03664193112339	24.594981292260567	25.06655205274957
81100	-1.283443485659191	25.335378718520424	25.330601543324274	25.17083089605285
81200	-1.8524637022246089	25.42129312892204	24.910119708382947	25.437997751189958
81300	-0.7547494061372596	24.82875169682216	24.678637437771776	25.02952980461735
81400	-1.0150235094234032	25.40898135425709	24.978047485597937	25.153502168403328
81500	-1.9617870967142343	25.1081146515667	24.431415843160934	24.741686694655243
81600	-4.817752801983355	24.416686441141767	24.312620156862	25.472880295555914
81700	-0.8721835448506849	24.798095970057354	25.31476333634446	24.859546565866864
81800	-1.417758467342031	24.785029091816508	25.402221416541167	24.730161761885583
81900	-1.5644731841122395	25.175058160682653	24.505258597847824	24.8050741427963
82000	-0.22589958527518322	25.095600238732608	24.955534240702153	25.069520466730715
82100	-3.6011509554699255	25.57806125711797	24.350310234786868	25.098762121939036
82200	-2.685152059159818	24.305242057392046	24.97095083481161	25.280923124052272
82300	-1.0690917260670243	24.95598505883651	24.588381576627825	24.821230051540596
82400	-2.0223106640810915	25.53111024196201	25.11530339621909	24.653908676285596
82500	-1.1641950247853365	24.736931267013574	24.811704337729836	24.65387951858608
82600	-2.897422118155457	24.810717200895596	24.326584994326105	25.346851020987327
82700	-2.639840140265719	25.585142626425412	25.077918320337496	25.45157256474261
82800	-2.35672440948771	25.438302495601853	25.533827997429732	25.11128757254184
82900	-0.5171901071437095	25.248777287711377	24.953033287378755	24.871217544686626
83000	-2.345711623240707	25.22868300210934	25.004416930493363	25.65932057584419
83100	-0.8830939570908304	25.24520859583486	25.284744261891266	25.144174714411463
83200	-2.8288417156582413	25.444366412172375	25.13527583880875	24.38467876000634
83300	-2.727037100675994	24.341967462131294	25.362371366412905	24.91375492271454
83400	-2.441573537374327	24.352644532207158	24.81009469608252	25.23062646836001
83500	-2.8913431402133964	24.56746754319377	25.331347586332107	24.44197227173065
83600	-0.9298062578091862	24.969929688035172	25.400407697082745	24.894440243686766
83700	-0.4212019746621204	24.815866644583863	25.14573687236135	25.064852965410406
83800	-1.3570974616649363	25.009748311128646	25.49549368256011	25.1473702531981
83900	-0.8202220106054311	24.847562694520537	24.653027129047874	24.933712373063205
84000	-0.5396463842702719	24.782985021288976	24.8041985849856	25.015411699170826
84100	-1.0404916919142564	25.174519051752974	25.395891120063457	24.901088451319964
84200	-1.135169541622939	25.082982998695883	25.42811761792981	24.83315030076393
84300	-0.9522787601863144	24.820379178700993	25.19418417085875	24.67228645517985
84400	-2.8525474982945744	24.459781328022654	24.486183591110514	25.209298173235236
84500	-0.3265971249845326	25.017405098428892	25.19473938524119	25.010028465546075
84600	-3.1716001461636396	24.980387720898136	25.512572575829726	24.361694005709083
84700	-1.602969348792635	25.404349521101157	25.39337797324317	25.060995431356474
84800	-2.9446885089812604	24.691381424251283	24.578608959281432	25.589329438068564
84900	-1.4288021491854328	25.045339480180004	24.890154082624353	25.518786653193754
85000	-1.5545159984775914	24.919690112810528	24.507187495118554	25.248764855968382
85100	-0.6675062798346636	25.22066460553607	25.242732512855156	24.919547624211756
85200	-0.2667893667382618	24.854917760996564	24.937667064293475	25.010103061169005
85300	-0.5175167129895192	25.20098742045835	25.035471082115972	24.80226439369733
85400	-2.2098941405066284	24.83009128648275	25.13224459797059	24.35931304133067
85500	-1.0666762546701043	25.36873097237693	24.75120165889141	25.070184186447076
85600	-1.1265499779259562	25.405187621334154	24.809752735519496	24.874607790251748
85700	-3.0748345603539606	25.39335304463767	24.498085879266114	24.507656660956044
85800	-0.3576583631106234	24.87219709738354	25.08209066887085	24.85114781403976
85900	-2.101126023992323	24.86709215216973	24.363223587779814	25.097560216773154
86000	-3.3150239673237736	25.299126621998912	25.530362634301035	24.424100243324762
86100	-1.247142425171317	24.776947639481996	25.321495026035254	24.700364970835665
86200	-1.0427736513540193	24.947523029882245	24.64725896567492	24.734863798698864
86300	-0.39866289115580095	24.973557810348	25.20998942141061	25.097707747612024
86400	-1.0291960023466005	25.152769084031707	24.774288331354363	25.346663913893842
86500	-0.17054262667743536	25.035686183461515	24.963095865812598	24.96817643129854
86600	-0.42062754303397387	25.035686183461515	24.963095865812598	25.237880569576216
86700	-0.5160340901770191	24.88925565148396	24.977753096146582	25.260124592557965
86800	-0.8925075357057906	24.927649682265802	25.166090600150206	25.362303945398498
86900	-2.8448386676244612	24.94647632424529	24.907914493512298	24.234107290109755
87000	-0.41717154558914227	24.987711648976145	24.921715793080672	24.77158116510231
87100	-1.5170530838196563	24.75355328822208	25.45284981021648	24.807480463309773
87200	-3.4729086196133987	25.26200910358348	25.719040226962136	25.389666074384227
87300	-0.8925146844182342	25.21153016482415	25.01752435528741	25.345013448621653
87400	-0.7523850077209345	24.98836479172579	24.69137597072052	24.80619005259446
87500	-1.2846013498533237	24.820753217590322	25.39870805975798	24.7548077538643
87600	-0.8906491744047298	24.818774893617377	25.361455315059004	25.013392223116508
87700	-2.7434977090164523	24.949656606150732	24.374494240351815	25.426173722504206
87800	-1.8517974201640877	24.890138205016587	25.48732911314344	25.357352845450105
87900	-1.0411847963489804	24.9654159728425	25.349335695140486	25.271832141598704
88000	-2.0529983567423664	25.35843796259661	25.027537329384025	25.54105043791225
88100	-1.4477981568464822	25.481533524663398	25.085529106625412	24.780243413887185
88200	-7.084230442356942	25.283304624848295	25.80845047212247	25.897869451619
88300	-1.4495748430534459	25.281106739987234	25.431740717105672	25.14985490875773
88400	-0.6897868142056983	24.945872646185407	25.129253197705513	25.315277014727524
88500	-1.7669596364762996	25.224678583799342	25.472504482897687	25.290975156103467
88600	-0.4350642389177283	25.15063925258721	24.939261679261183	24.810133176129412
88700	-1.4634724848517973	25.078520321496757	25.497939772105504	25.19198032988721
88800	-2.2095890467396995	24.511318720221954	25.46361791432248	25.054941981483527
88900	-2.254701900000916	24.832533744804174	24.344455838943713	25.094929288387522
89000	-0.6276957594774988	24.701262185196484	25.11984775940683	25.040372960918546
89100	-1.2939118458473327	24.727404947149875	25.000009965709815	24.576942439309533
89200	-1.394584034940638	25.47483806096475	25.085256049247345	25.207165591007062
89300	-0.617342171568895	24.730244136267405	25.026442329872125	24.82833310376913
89400	-1.1105196909010266	25.376760188929193	24.917756078765006	25.252625509089413
89500	-1.0920609480428916	25.11128735542513	24.734653807456343	24.645547562919287
89600	-0.7316961456804741	24.85613993639267	24.696003457449322	25.12344765915914
89700	-3.147039573240932	25.62745417794248	25.517921401303667	25.056130213719893
89800	-1.858301785961621	24.579291868774973	25.448094593976872	25.03035872950169
89900	-1.712543781254075	25.403737574445138	25.245787247860587	25.350570508378265
90000	-0.9995799499659271	25.304365669579685	24.73320865209555	25.15512121223751
90100	-0.7174157269773536	25.018840593928303	24.92286345273201	25.34477601287397
90200	-3.7788479842742912	24.44530050636686	24.700182539306063	25.63867969701782
90300	-1.3725950498339454	25.488363575960893	24.820414359918313	24.99542456694354
90400	-2.885329524432551	24.77910437106582	24.259596653006064	25.099710282779363
90500	-1.0436815992908037	24.712873109872092	25.312240979779954	25.133201954375934
90600	-0.9372197941691645	24.894971404093887	24.75957841832646	25.32432594612473
90700	-2.0108580595798666	24.892801026044236	24.442202689773318	25.299962804546176
90800	-2.5979241700294695	24.85170271549011	24.497944528999465	25.518666076127396
90900	-0.888879087922403	24.857996812079296	25.37214949618797	25.067958297238594
91000	-0.5721107531276907	25.008248173996538	25.29193166077399	25.08714007592331
91100	-5.008066403535701	25.99339176384136	24.73353794429906	25.1443059890827
91200	-1.22295538596168	25.018148680680124	25.485506212231375	25.038366700047657
91300	-1.845337629250403	24.532393123788257	25.208923094368945	25.336926958749675
91400	-0.4319808348152432	24.89756480508957	25.226198747374216	25.009311039213983
91500	-0.4692536201362939	24.787660671854812	25.10823427594572	25.115003175334678
91600	-0.3747378954567115	25.193288576456023	25.06630447989796	24.91474668987349
91700	-1.4362317149848909	25.040254170334464	25.138824460445218	24.486171457454972
91800	-4.805219175577841	25.194099390067763	25.046089997730025	24.00311614558287
91900	-0.2548332634801873	25.10983374153321	25.064794615132627	25.07821520330813
92000	-1.0051307966822696	25.188624901101825	25.371945710291058	25.12324459985868
92100	-0.6492396025178326	25.269770966777717	24.807576929794276	24.985091894359215
92200	-0.8517426833194581	24.99376010310001	24.73342655429706	25.28969917230241
92300	-3.0626764691251487	24.592962357793798	25.515261290387855	24.5361350107812
92400	-1.5059048718768155	25.36397590493802	24.594996046264722	25.06235913740802
92500	-2.0129260597803453	25.350091294808927	24.46388174682105	25.05549777411719
92600	-3.4946667461967897	24.653949417001503	25.785395733935324	24.924204602779973
92700	-1.59155400011014	25.325833199960236	24.584577375510307	25.201705806580037
92800	-3.7242380537681634	24.138789717665844	25.19835274160579	25.11104635403074
92900	-2.175100627764764	24.749539547054635	24.899110862601805	25.61334854314287
93000	-1.7938176491814533	24.50301477258972	24.65774793366487	25.01565720086811
93100	-2.765770958582639	24.84116223653381	25.11764416071765	25.735728198298265
93200	-2.0154279955807817	24.910734443996972	25.319325939243793	25.55107648270959
93300	-1.1603810682361615	25.03524978097881	25.181203585313984	24.564643858353264
93400	-0.2900747723936309	25.01672253464495	25.02700924035211	24.829114906578248
93500	-1.5220706564925486	25.320469024940355	24.562396609167614	25.098947445151353
93600	-2.622097683531452	25.346763287583915	24.382885609406664	25.217630931339976
93700	-1.8567365789454493	24.721915663960228	24.502818833234553	25.232029987218908
93800	-2.099975254926351	25.48193082940662	25.370166989204993	25.2512569210648
93900	-0.87656805155525	25.300379906830127	25.108773178044817	25.241832596040233
94000	-1.0811761823636596	25.39190868498309	24.83992753135747	25.163693488347263
94100	-1.3834678513853966	25.40823065739223	24.902357187064652	25.311449367644627
94200	-0.6491821137853944	25.058693167302767	25.307263463310644	25.11025772095332
94300	-3.744184534794658	24.59034318308972	24.421488875719273	25.543412344381075
94400	-3.7694593118757527	25.6736625525012	25.45389990867788	24.62110547645518
94500	-1.3408937907211473	24.57527920928288	24.731824532963618	25.106866101274765
94600	-3.6171025665547156	24.343208483578678	25.501094686178966	24.704907833657213
94700	-0.5662381609423767	25.110517360967116	24.842039127743437	24.766730252618043
94800	-0.9947231380029437	25.421849148720337	25.079225622382804	24.949344501225898
94900	-1.5736506532932304	24.900823699842253	24.44869830936533	24.95900671496644
95000	-3.4237850231951295	24.84369608741313	24.468073194941603	24.352532723539476
95100	-0.483766637511323	24.903382977314607	24.908285897845218	25.235599593525293
95200	-0.6373463622413127	25.11157466272481	24.693748546396424	24.966184861419052
95300	-0.2709921181998026	25.04229839465226	25.155463722671616	25.003484868029688
95400	-4.947976295313493	25.1696686380934	24.130332957320363	25.529331533939786
95500	-0.33649097994872945	24.92851720689471	24.90234478631057	24.83912974264249
95600	-1.85571657441282	25.272272855326346	24.801720888424715	24.485525370890677
95700	-3.425127988813141	25.13933689979928	24.235903951830853	25.351613150276556
95800	-1.6565384063901507	24.66882191996453	25.467408251014295	25.07563100490836
95900	-2.3954021145920494	24.445883293904842	25.33958495786515	25.275132895687932
96000	-2.9499883463648184	24.599471767527504	24.810856204248683	25.652000400483992
96100	-2.155601342354537	24.476834547178846	25.354145920466895	24.78633930318021
96200	-0.3853995526404268	24.817959054811567	25.044813090613637	25.12746381081293
96300	-4.225177065134919	24.456230784375684	25.092052180521133	25.774931912975887
96400	-0.9143690460428454	25.17914631596415	24.95795838185425	25.367535056850645
96500	-0.7488121509034694	25.32096400602254	24.83926228507952	25.057428136763
96600	-1.2310290267552733	25.2186920364718	25.15030035587631	25.410968854055973
96700	-2.8284457793468682	24.895418819124295	25.699115331961288	25.307561103841206
96800	-3.508470872135743	25.373468775761342	24.27375222837074	25.28017001694328
96900	-1.0775638510788625	24.60623197610433	25.177456365236928	24.86338224047193
97000	-0.9883087018803864	24.690917104032508	25.260094493471488	24.85102828889091
97100	-1.8559357731364101	25.23611672561676	24.45265883509117	24.848849380618038
97200	-0.9387969010274564	24.925294094175456	25.4105452460096	25.01558714299351
97300	-1.3626138620861254	25.465605779315183	24.95296738452396	25.222602939478705
97400	-0.6479651247904437	25.139804861010404	24.75202552184883	24.830573597606097
97500	-1.4659857506492764	25.06614629702944	25.505624729292727	25.17746185117804
97600	-1.8072482845103448	24.798027716079936	24.54828599290659	25.350031682946142
97700	-2.8797485923619535	25.00624790523242	24.847963088134378	25.76324286409881
97800	-3.117642154889247	24.714229608228205	25.75115029883687	24.887449227687068
97900	-0.6970397726670213	25.332806944390306	24.94922724059127	25.085493793798975
98000	-0.7115519166916141	25.090984375456387	25.183050112382308	24.71349180677593
98100	-1.5867320247944587	24.760161079728785	25.205724231437262	24.5325475998619
98200	-4.044935287669136	24.252832404633885	24.73321732046675	24.515034133615508
98300	-1.676903591398717	25.1470109217365	25.475218275413347	24.69842012834476
98400	-4.630204098563779	25.661923565285434	24.346559496264128	24.640060084495023
98500	-0.851733976338228	24.614995963074225	25.015053106880565	24.91894872401163
98600	-0.35321822436585293	24.881235969897265	25.10769057458224	25.13616380172081
98700	-1.9062732259731596	25.251829305847217	24.502316151220764	25.2797478448004
98800	-1.113834675134289	24.70064173620443	25.196886160983542	25.29135731166073
98900	-3.171077188770041	24.261882601603965	24.992984506230616	24.645645508550935
99000	-0.34989053209981213	24.82753038188343	24.965235860676177	25.11202202405209
99100	-0.6184885580445869	24.902291275689656	25.305929181663743	24.992786149497213
99200	-0.7610449291495496	25.29505951375863	25.214593219604104	24.958041381597766
99300	-1.82075880116048	24.975321029545597	25.070625997023694	25.60395842633203
99400	-0.9004903794817244	25.05572752893483	24.610447200702374	24.89511039542664
99500	-1.1198719733241562	24.750798159866367	25.010546413292932	25.39038116169756
99600	-2.3950177666217045	24.960768127844048	24.806771571725008	25.677568890907107
99700	-0.4214939960312875	25.14304348136617	25.06057761384543	25.18784047604824
99800	-4.28266781943004	25.429011161581247	25.855902027047467	24.971105362793715
99900	-5.743872900347951	25.946991160237676	25.548851606937813	25.210084870759413
100000	-0.7216953835872034	25.301447887730287	25.14754468112546	25.116130473235902
